"",epoch,loss,ppl,wps,ups,wpb,bsz,num_updates,lr,gnorm,clip,oom,loss_scale,wall,train_wall,ke_loss,mlm_loss
0,11,5.847,57.57,7886,0,1234385.6,4509.6,5,0.000030,12.632,0.0,0.0,2.0,784,67741,1.360550,4.486680
1,12,5.122,34.83,7843,0,1234385.6,4509.6,10,0.000060,6.770,0.0,0.0,2.0,1601,68501,1.168410,3.953830
2,13,4.213,18.55,7949,0,1234385.6,4509.6,15,0.000090,4.510,0.0,0.0,2.0,2409,69252,1.047800,3.165380
3,14,3.157,8.92,7861,0,1234385.6,4509.6,20,0.000120,3.148,0.0,0.0,2.0,3221,70008,0.936349,2.220600
4,15,2.129,4.37,7866,0,1234385.6,4509.6,25,0.000150,2.146,0.0,0.0,2.0,4033,70767,0.886967,1.241740
5,16,1.326,2.51,7806,0,1234385.6,4509.6,30,0.000180,1.337,0.0,0.0,2.0,4848,71530,0.853221,0.473234
6,17,0.943,1.92,7870,0,1234385.6,4509.6,35,0.000210,0.742,0.0,0.0,2.0,5657,72288,0.828725,0.114575
7,18,0.835,1.78,7797,0,1234385.6,4509.6,40,0.000240,0.557,0.0,0.0,2.0,6474,73052,0.804885,0.030363
8,19,0.797,1.74,7877,0,1234385.6,4509.6,45,0.000270,0.882,0.0,0.0,2.0,7285,73808,0.784544,0.012654
9,20,0.773,1.71,7863,0,1234385.6,4509.6,50,0.000300,1.163,0.0,0.0,2.0,8096,74567,0.765880,0.006770
10,21,0.749,1.68,7845,0,1234385.6,4509.6,55,0.000330,1.405,0.0,0.0,2.0,8907,75325,0.744586,0.004249
11,22,0.715,1.64,7798,0,1234385.6,4509.6,60,0.000360,0.944,0.0,0.0,2.0,9723,76088,0.712033,0.003073
12,23,0.691,1.61,7849,0,1234385.6,4509.6,65,0.000390,1.153,0.0,0.0,2.0,10536,76847,0.688609,0.002297
13,24,0.669,1.59,7793,0,1234385.6,4509.6,70,0.000420,1.316,0.0,0.0,2.0,11355,77611,0.666859,0.001867
14,25,0.657,1.58,7883,0,1234385.6,4509.6,75,0.000450,1.666,0.0,0.0,2.0,12165,78371,0.654964,0.001652
15,26,0.628,1.54,7848,0,1234385.6,4509.6,80,0.000480,1.308,0.0,0.0,2.0,12978,79131,0.625981,0.001617
16,27,0.600,1.52,7895,0,1234385.6,4509.6,85,0.000510,0.944,0.0,0.0,2.0,13789,79890,0.598095,0.001461
17,28,0.579,1.49,7851,0,1234385.6,4509.6,90,0.000540,1.065,0.0,0.0,2.0,14600,80648,0.578033,0.001352
18,29,0.557,1.47,7844,0,1234385.6,4509.6,95,0.000570,1.146,0.0,0.0,2.0,15410,81406,0.555505,0.001290
19,30,0.543,1.46,7851,0,1234385.6,4509.6,100,0.000600,1.131,0.0,0.0,2.0,16221,82166,0.542035,0.001314
20,31,0.538,1.45,7825,0,1234385.6,4509.6,105,0.000597,1.276,0.0,0.0,2.0,17036,82927,0.536491,0.001314
21,32,0.513,1.43,7820,0,1234385.6,4509.6,110,0.000595,0.761,0.0,0.0,2.0,17851,83689,0.511742,0.001215
22,33,0.506,1.42,7838,0,1234385.6,4509.6,115,0.000592,1.368,0.0,0.0,2.0,18665,84452,0.504492,0.001204
23,34,0.496,1.41,7878,0,1234385.6,4509.6,120,0.000590,1.308,0.0,0.0,2.0,19473,85208,0.495142,0.001062
24,35,0.478,1.39,7893,0,1234385.6,4509.6,125,0.000587,0.874,0.0,0.0,2.0,20281,85963,0.477363,0.001114
25,36,0.467,1.38,7802,0,1234385.6,4509.6,130,0.000584,0.968,0.0,0.0,4.0,21095,86724,0.465966,0.000985
26,37,0.452,1.37,8241,0,1234385.6,4509.6,135,0.000582,0.649,0.0,0.0,4.0,21878,87453,0.451222,0.000968
27,38,0.439,1.36,7769,0,1234385.6,4509.6,140,0.000579,0.593,0.0,0.0,4.0,22693,88217,0.437920,0.000922
28,39,0.438,1.35,7773,0,1234385.6,4509.6,145,0.000577,1.082,0.0,0.0,4.0,23512,88983,0.436220,0.001462
29,40,0.433,1.35,7801,0,1234385.6,4509.6,150,0.000574,0.931,0.0,0.0,4.0,24323,89743,0.430258,0.002441
30,41,0.427,1.34,7729,0,1234385.6,4509.6,155,0.000571,0.688,0.0,0.0,4.0,25144,90512,0.423979,0.002546
31,42,0.420,1.34,7799,0,1234385.6,4509.6,160,0.000569,0.730,0.0,0.0,4.0,25956,91271,0.417727,0.001790
32,43,0.412,1.33,7784,0,1234385.6,4509.6,165,0.000566,0.856,0.0,0.0,4.0,26773,92036,0.410606,0.001307
33,44,0.406,1.32,7855,0,1234385.6,4509.6,170,0.000563,0.685,0.0,0.0,4.0,27584,92797,0.404634,0.001085
34,45,0.397,1.32,7816,0,1234385.6,4509.6,175,0.000561,0.415,0.0,0.0,4.0,28400,93560,0.396192,0.000929
35,46,0.395,1.31,7810,0,1234385.6,4509.6,180,0.000558,0.707,0.0,0.0,4.0,29216,94324,0.393960,0.001018
36,47,0.394,1.31,7757,0,1234385.6,4509.6,185,0.000556,0.782,0.0,0.0,4.0,30036,95091,0.393086,0.000905
37,48,0.391,1.31,7817,0,1234385.6,4509.6,190,0.000553,0.751,0.0,0.0,4.0,30851,95853,0.390664,0.000743
38,49,0.387,1.31,7754,0,1234385.6,4509.6,195,0.000550,0.579,0.0,0.0,4.0,31669,96622,0.385994,0.000726
39,50,0.380,1.30,7782,0,1234385.6,4509.6,200,0.000548,0.489,0.0,0.0,4.0,32488,97389,0.379673,0.000576
40,51,0.389,1.31,7086,0,1234385.6,4509.6,205,0.000545,0.926,0.0,0.0,4.0,33368,98214,0.388124,0.000555
41,52,0.383,1.30,7905,0,1234385.6,4509.6,210,0.000543,0.628,0.0,0.0,4.0,34174,98967,0.382151,0.000521
42,53,0.374,1.30,7790,0,1234385.6,4509.6,215,0.000540,0.418,0.0,0.0,4.0,34991,99732,0.373694,0.000531
43,54,0.372,1.29,6991,0,1234385.6,4509.6,220,0.000537,0.603,0.0,0.0,4.0,35880,100566,0.371380,0.000460
44,55,0.377,1.30,7794,0,1234385.6,4509.6,225,0.000535,0.940,0.0,0.0,4.0,36707,101340,0.374192,0.002340
45,56,1.685,3.21,7806,0,1234385.6,4509.6,230,0.000532,22.530,0.0,0.0,4.0,37522,102103,0.426666,1.258120
46,57,1.205,2.30,7707,0,1234385.6,4509.6,235,0.000530,7.859,0.0,0.0,4.0,38350,102876,0.512536,0.692134
47,58,0.592,1.51,7824,0,1234385.6,4509.6,240,0.000527,1.312,0.0,0.0,4.0,39166,103639,0.495178,0.096804
48,59,0.498,1.41,7774,0,1234385.6,4509.6,245,0.000524,0.679,0.0,0.0,4.0,39985,104403,0.467914,0.029849
49,60,0.458,1.37,7796,0,1234385.6,4509.6,250,0.000522,0.564,0.0,0.0,4.0,40802,105170,0.443366,0.014438
50,61,0.429,1.35,7813,0,1234385.6,4509.6,255,0.000519,0.464,0.0,0.0,4.0,41619,105936,0.421339,0.007637
51,62,0.412,1.33,7819,0,1234385.6,4509.6,260,0.000517,0.507,0.0,0.0,8.0,42434,106697,0.407775,0.004629
52,63,0.399,1.32,7751,0,1234385.6,4509.6,265,0.000514,0.446,0.0,0.0,8.0,43254,107465,0.395326,0.003810
53,64,0.389,1.31,7594,0,1234385.6,4509.6,270,0.000511,0.483,0.0,0.0,8.0,44091,108244,0.387030,0.002412
54,65,0.381,1.30,7737,0,1234385.6,4509.6,275,0.000509,0.521,0.0,0.0,8.0,44914,109015,0.378981,0.001700
55,66,0.375,1.30,7804,0,1234385.6,4509.6,280,0.000506,0.405,0.0,0.0,8.0,45730,109780,0.373963,0.001353
56,67,0.370,1.29,7797,0,1234385.6,4509.6,285,0.000503,0.294,0.0,0.0,8.0,46547,110544,0.369220,0.001198
57,68,0.367,1.29,7806,0,1234385.6,4509.6,290,0.000501,0.364,0.0,0.0,8.0,47364,111307,0.365594,0.001052
58,69,0.363,1.29,7771,0,1234385.6,4509.6,295,0.000498,0.326,0.0,0.0,8.0,48183,112075,0.362192,0.001083
59,70,0.361,1.28,7785,0,1234385.6,4509.6,300,0.000496,0.379,0.0,0.0,8.0,49001,112841,0.359697,0.000863
60,71,0.361,1.28,7765,0,1234385.6,4509.6,305,0.000493,0.572,0.0,0.0,8.0,49821,113608,0.359858,0.000840
61,72,0.356,1.28,7860,0,1234385.6,4509.6,310,0.000490,0.337,0.0,0.0,8.0,50635,114368,0.354708,0.000801
62,73,0.354,1.28,7964,0,1234385.6,4509.6,315,0.000488,0.459,0.0,0.0,8.0,51424,115109,0.353614,0.000617
63,74,0.352,1.28,7780,0,1234385.6,4509.6,320,0.000485,0.459,0.0,0.0,8.0,52243,115876,0.351528,0.000829
64,75,0.350,1.27,7747,0,1234385.6,4509.6,325,0.000483,0.353,0.0,0.0,8.0,53061,116642,0.349760,0.000736
65,76,0.350,1.27,7773,0,1234385.6,4509.6,330,0.000480,0.492,0.0,0.0,8.0,53881,117409,0.349789,0.000606
66,77,0.349,1.27,7672,0,1234385.6,4509.6,335,0.000477,0.482,0.0,0.0,8.0,54707,118179,0.348126,0.000588
67,78,0.347,1.27,7734,0,1234385.6,4509.6,340,0.000475,0.317,0.0,0.0,8.0,55542,118955,0.346482,0.000530
68,79,0.344,1.27,7821,0,1234385.6,4509.6,345,0.000472,0.264,0.0,0.0,8.0,56354,119712,0.343274,0.000479
69,80,0.344,1.27,7824,0,1234385.6,4509.6,350,0.000470,0.366,0.0,0.0,8.0,57167,120469,0.343443,0.000466
70,81,0.345,1.27,7836,0,1234385.6,4509.6,355,0.000467,0.614,0.0,0.0,8.0,57975,121226,0.344541,0.000588
71,82,0.344,1.27,7771,0,1234385.6,4509.6,360,0.000464,0.654,0.0,0.0,8.0,58795,121994,0.343657,0.000440
72,83,0.342,1.27,7836,0,1234385.6,4509.6,365,0.000462,0.412,0.0,0.0,8.0,59603,122751,0.341973,0.000463
73,84,0.339,1.27,7764,0,1234385.6,4509.6,370,0.000459,0.264,0.0,0.0,8.0,60423,123519,0.339105,0.000390
74,85,0.338,1.26,7782,0,1234385.6,4509.6,375,0.000457,0.341,0.0,0.0,8.0,61243,124284,0.337469,0.000566
75,86,0.337,1.26,7788,0,1234385.6,4509.6,380,0.000454,0.306,0.0,0.0,8.0,62061,125048,0.336175,0.000442
76,87,0.336,1.26,7834,0,1234385.6,4509.6,385,0.000451,0.254,0.0,0.0,16.0,62875,125810,0.335673,0.000724
77,88,0.341,1.27,7859,0,1234385.6,4509.6,390,0.000449,0.712,0.0,0.0,16.0,63688,126571,0.340113,0.000503
78,89,0.343,1.27,7803,0,1234385.6,4509.6,395,0.000446,0.939,0.0,0.0,16.0,64505,127334,0.343043,0.000446
79,90,0.337,1.26,7795,0,1234385.6,4509.6,400,0.000443,0.534,0.0,0.0,16.0,65322,128098,0.336501,0.000663
80,91,0.335,1.26,7750,0,1234385.6,4509.6,405,0.000441,0.425,0.0,0.0,16.0,66144,128866,0.334199,0.000533
81,92,0.335,1.26,7797,0,1234385.6,4509.6,410,0.000438,0.526,0.0,0.0,16.0,66960,129630,0.335079,0.000413
82,93,0.331,1.26,7810,0,1234385.6,4509.6,415,0.000436,0.396,0.0,0.0,16.0,67778,130393,0.331089,0.000365
83,94,0.336,1.26,7720,0,1234385.6,4509.6,420,0.000433,0.646,0.0,0.0,16.0,68604,131165,0.335943,0.000416
84,95,0.330,1.26,7792,0,1234385.6,4509.6,425,0.000430,0.353,0.0,0.0,16.0,69419,131929,0.329686,0.000327
85,96,0.329,1.26,7720,0,1234385.6,4509.6,430,0.000428,0.302,0.0,0.0,16.0,70243,132700,0.328921,0.000330
86,97,0.329,1.26,7734,0,1234385.6,4509.6,435,0.000425,0.373,0.0,0.0,16.0,71070,133473,0.328869,0.000254
87,98,0.330,1.26,7713,0,1234385.6,4509.6,440,0.000423,0.343,0.0,0.0,16.0,71894,134245,0.329375,0.000357
88,99,0.336,1.26,7675,0,1234385.6,4509.6,445,0.000420,0.748,0.0,0.0,16.0,72722,135017,0.335696,0.000295
89,100,0.333,1.26,7698,0,1234385.6,4509.6,450,0.000417,0.497,0.0,0.0,16.0,73549,135790,0.332703,0.000261
90,101,0.332,1.26,7654,0,1234385.6,4509.6,455,0.000415,0.570,0.0,0.0,16.0,74382,136565,0.331796,0.000259
91,102,0.330,1.26,7666,0,1234385.6,4509.6,460,0.000412,0.475,0.0,0.0,16.0,75213,137340,0.329856,0.000304
92,103,0.328,1.26,7723,0,1234385.6,4509.6,465,0.000410,0.384,0.0,0.0,16.0,76037,138109,0.327492,0.000295
93,104,0.328,1.25,7725,0,1234385.6,4509.6,470,0.000407,0.339,0.0,0.0,16.0,76861,138878,0.327280,0.000289
94,105,0.326,1.25,7713,0,1234385.6,4509.6,475,0.000404,0.300,0.0,0.0,16.0,77689,139651,0.325462,0.000271
95,106,0.326,1.25,7504,0,1234385.6,4509.6,480,0.000402,0.287,0.0,0.0,16.0,78533,140435,0.325074,0.000704
96,107,0.323,1.25,7592,0,1234385.6,4509.6,485,0.000399,0.266,0.0,0.0,16.0,79374,141217,0.322167,0.000494
97,108,0.322,1.25,7856,0,1234385.6,4509.6,490,0.000397,0.418,0.0,0.0,16.0,80192,141980,0.322081,0.000369
98,109,0.324,1.25,7669,0,1234385.6,4509.6,495,0.000394,0.527,0.0,0.0,16.0,81013,142748,0.323619,0.000346
99,110,0.324,1.25,7620,0,1234385.6,4509.6,500,0.000391,0.472,0.0,0.0,16.0,81848,143528,0.323876,0.000333
100,111,0.322,1.25,7609,0,1234385.6,4509.6,505,0.000389,0.432,0.0,0.0,16.0,82687,144310,0.321829,0.000343
101,112,0.322,1.25,7608,0,1234385.6,4509.6,510,0.000386,0.474,0.0,0.0,16.0,83523,145090,0.321902,0.000302
102,113,0.321,1.25,7675,0,1234385.6,4509.6,515,0.000383,0.237,0.0,0.0,32.0,84354,145864,0.320425,0.000328
103,114,0.320,1.25,7607,0,1234385.6,4509.6,520,0.000381,0.271,0.0,0.0,32.0,85188,146642,0.319441,0.000228
104,115,0.320,1.25,7627,0,1234385.6,4509.6,525,0.000378,0.463,0.0,0.0,32.0,86025,147419,0.319818,0.000289
105,116,0.318,1.25,7658,0,1234385.6,4509.6,530,0.000376,0.272,0.0,0.0,32.0,86858,148198,0.317474,0.000214
106,117,0.317,1.25,7566,0,1234385.6,4509.6,535,0.000373,0.269,0.0,0.0,32.0,87698,148980,0.317075,0.000239
107,118,0.321,1.25,7605,0,1234385.6,4509.6,540,0.000370,0.467,0.0,0.0,32.0,88531,149758,0.320577,0.000255
108,119,0.320,1.25,7535,0,1234385.6,4509.6,545,0.000368,0.528,0.0,0.0,32.0,89378,150541,0.320172,0.000235
109,120,0.325,1.25,7588,0,1234385.6,4509.6,550,0.000365,0.731,0.0,0.0,32.0,90214,151319,0.325120,0.000185
110,121,0.320,1.25,7612,0,1234385.6,4509.6,555,0.000363,0.330,0.0,0.0,32.0,91051,152099,0.319355,0.000216
111,122,0.319,1.25,7658,0,1234385.6,4509.6,560,0.000360,0.381,0.0,0.0,32.0,91880,152873,0.318644,0.000218
112,123,0.318,1.25,7585,0,1234385.6,4509.6,565,0.000357,0.260,0.0,0.0,32.0,92718,153653,0.317216,0.000601
113,124,0.318,1.25,7625,0,1234385.6,4509.6,570,0.000355,0.314,0.0,0.0,32.0,93550,154429,0.317463,0.000469
114,125,0.316,1.25,7579,0,1234385.6,4509.6,575,0.000352,0.222,0.0,0.0,32.0,94389,155211,0.315953,0.000471
115,126,0.315,1.24,7607,0,1234385.6,4509.6,580,0.000350,0.265,0.0,0.0,32.0,95224,155989,0.314912,0.000316
116,127,0.314,1.24,7613,0,1234385.6,4509.6,585,0.000347,0.244,0.0,0.0,32.0,96059,156767,0.314124,0.000214
117,128,0.315,1.24,7710,0,1234385.6,4509.6,590,0.000344,0.332,0.0,0.0,32.0,96885,157539,0.314179,0.000325
118,129,0.314,1.24,7612,0,1234385.6,4509.6,595,0.000342,0.317,0.0,0.0,32.0,97721,158319,0.313710,0.000217
119,130,0.315,1.24,7666,0,1234385.6,4509.6,600,0.000339,0.476,0.0,0.0,32.0,98556,159099,0.314938,0.000316
120,131,0.314,1.24,7593,0,1234385.6,4509.6,605,0.000337,0.468,0.0,0.0,32.0,99396,159883,0.313809,0.000267
121,132,0.317,1.25,7563,0,1234385.6,4509.6,610,0.000334,0.492,0.0,0.0,32.0,100236,160665,0.316739,0.000195
122,133,0.313,1.24,7510,0,1234385.6,4509.6,615,0.000331,0.303,0.0,0.0,32.0,101084,161453,0.312809,0.000269
123,134,0.315,1.24,7631,0,1234385.6,4509.6,620,0.000329,0.485,0.0,0.0,32.0,101919,162233,0.314467,0.000166
124,135,0.313,1.24,7577,0,1234385.6,4509.6,625,0.000326,0.417,0.0,0.0,32.0,102759,163019,0.312387,0.000252
125,136,0.312,1.24,7569,0,1234385.6,4509.6,630,0.000323,0.418,0.0,0.0,32.0,103599,163799,0.312163,0.000131
126,137,0.311,1.24,7598,0,1234385.6,4509.6,635,0.000321,0.273,0.0,0.0,32.0,104436,164578,0.310634,0.000241
127,138,0.310,1.24,7680,0,1234385.6,4509.6,640,0.000318,0.304,0.0,0.0,64.0,105265,165353,0.309569,0.000194
128,139,0.310,1.24,7545,0,1234385.6,4509.6,645,0.000316,0.374,0.0,0.0,64.0,106110,166139,0.309949,0.000179
129,140,0.310,1.24,7511,0,1234385.6,4509.6,650,0.000313,0.271,0.0,0.0,64.0,106962,166928,0.309455,0.000197
130,141,0.310,1.24,7582,0,1234385.6,4509.6,655,0.000310,0.348,0.0,0.0,64.0,107800,167711,0.310181,0.000126
131,142,0.308,1.24,7603,0,1234385.6,4509.6,660,0.000308,0.254,0.0,0.0,64.0,108635,168488,0.308303,0.000188
132,143,0.309,1.24,7765,0,1234385.6,4509.6,665,0.000305,0.337,0.0,0.0,64.0,109446,169245,0.309288,0.000204
133,144,0.309,1.24,7588,0,1234385.6,4509.6,670,0.000303,0.297,0.0,0.0,64.0,110287,170030,0.309099,0.000177
134,145,0.310,1.24,7640,0,1234385.6,4509.6,675,0.000300,0.342,0.0,0.0,64.0,111121,170808,0.309929,0.000214
135,146,0.309,1.24,7687,0,1234385.6,4509.6,680,0.000297,0.348,0.0,0.0,64.0,111948,171581,0.308593,0.000129
136,147,0.307,1.24,7553,0,1234385.6,4509.6,685,0.000295,0.224,0.0,0.0,64.0,112792,172365,0.306664,0.000121
137,148,0.307,1.24,7606,0,1234385.6,4509.6,690,0.000292,0.403,0.0,0.0,64.0,113631,173145,0.306946,0.000192
138,149,0.306,1.24,7587,0,1234385.6,4509.6,695,0.000290,0.276,0.0,0.0,64.0,114470,173927,0.306042,0.000144
139,150,0.306,1.24,7671,0,1234385.6,4509.6,700,0.000287,0.246,0.0,0.0,64.0,115300,174701,0.305601,0.000114
140,151,0.305,1.24,7455,0,1234385.6,4509.6,705,0.000284,0.306,0.0,0.0,64.0,116150,175489,0.305358,0.000133
141,152,0.305,1.24,7640,0,1234385.6,4509.6,710,0.000282,0.235,0.0,0.0,64.0,116983,176266,0.304538,0.000140
142,153,0.305,1.24,7598,0,1234385.6,4509.6,715,0.000279,0.357,0.0,0.0,64.0,117820,177047,0.305211,0.000091
143,154,0.306,1.24,7657,0,1234385.6,4509.6,720,0.000277,0.437,0.0,0.0,64.0,118653,177821,0.306244,0.000103
144,155,0.307,1.24,7560,0,1234385.6,4509.6,725,0.000274,0.440,0.0,0.0,64.0,119495,178605,0.306534,0.000201
145,156,0.304,1.23,7654,0,1234385.6,4509.6,730,0.000271,0.240,0.0,0.0,64.0,120328,179382,0.303724,0.000189
146,157,0.303,1.23,7590,0,1234385.6,4509.6,735,0.000269,0.243,0.0,0.0,64.0,121167,180164,0.303129,0.000098
147,158,0.303,1.23,7470,0,1234385.6,4509.6,740,0.000266,0.262,0.0,0.0,64.0,122018,180957,0.302411,0.000143
148,159,0.301,1.23,7241,0,1234385.6,4509.6,745,0.000263,0.214,0.0,0.0,64.0,122891,181757,0.300629,0.000164
149,160,0.302,1.23,7240,0,1234385.6,4509.6,750,0.000261,0.225,0.0,0.0,64.0,123761,182562,0.301624,0.000136
150,161,0.301,1.23,6717,0,1234385.6,4509.6,755,0.000258,0.197,0.0,0.0,64.0,124704,183423,0.301003,0.000114
151,162,0.302,1.23,6739,0,1234385.6,4509.6,760,0.000256,0.235,0.0,0.0,64.0,125647,184288,0.301453,0.000105
152,163,0.301,1.23,6738,0,1234385.6,4509.6,765,0.000253,0.241,0.0,0.0,64.0,126590,185146,0.300523,0.000085
153,164,0.303,1.23,6954,0,1234385.6,4509.6,770,0.000250,0.333,0.0,0.0,128.0,127489,185971,0.302824,0.000121
154,165,0.302,1.23,6944,0,1234385.6,4509.6,775,0.000248,0.282,0.0,0.0,128.0,128407,186810,0.302158,0.000114
155,166,0.302,1.23,7589,0,1234385.6,4509.6,780,0.000245,0.253,0.0,0.0,128.0,129247,187591,0.301832,0.000127
156,167,0.300,1.23,7642,0,1234385.6,4509.6,785,0.000243,0.197,0.0,0.0,128.0,130076,188365,0.300080,0.000167
157,168,0.300,1.23,7665,0,1234385.6,4509.6,790,0.000240,0.206,0.0,0.0,128.0,130910,189143,0.299980,0.000136
158,169,0.299,1.23,7636,0,1234385.6,4509.6,795,0.000237,0.170,0.0,0.0,128.0,131740,189918,0.299127,0.000178
159,170,0.300,1.23,7673,0,1234385.6,4509.6,800,0.000235,0.260,0.0,0.0,128.0,132572,190695,0.299402,0.000155
160,171,0.299,1.23,7693,0,1234385.6,4509.6,805,0.000232,0.197,0.0,0.0,128.0,133400,191466,0.298611,0.000148
161,172,0.300,1.23,7714,0,1234385.6,4509.6,810,0.000230,0.236,0.0,0.0,128.0,134227,192240,0.299529,0.000102
162,173,0.300,1.23,7734,0,1234385.6,4509.6,815,0.000227,0.323,0.0,0.0,128.0,135053,193010,0.300002,0.000103
163,174,0.300,1.23,7578,0,1234385.6,4509.6,820,0.000224,0.302,0.0,0.0,128.0,135890,193787,0.300000,0.000109
164,175,0.298,1.23,7675,0,1234385.6,4509.6,825,0.000222,0.159,0.0,0.0,128.0,136723,194563,0.298068,0.000110
165,176,0.298,1.23,8043,0,1234385.6,4509.6,830,0.000219,0.182,0.0,0.0,128.0,137525,195310,0.297699,0.000131
166,177,0.297,1.23,7671,0,1234385.6,4509.6,835,0.000217,0.177,0.0,0.0,128.0,138357,196085,0.297234,0.000094
167,178,0.297,1.23,7209,0,1234385.6,4509.6,840,0.000214,0.222,0.0,0.0,128.0,139238,196906,0.296967,0.000110
168,179,0.297,1.23,7066,0,1234385.6,4509.6,845,0.000211,0.183,0.0,0.0,128.0,140132,197736,0.297375,0.000095
169,180,0.297,1.23,7691,0,1234385.6,4509.6,850,0.000209,0.217,0.0,0.0,128.0,140965,198510,0.297145,0.000086
170,181,0.298,1.23,7820,0,1234385.6,4509.6,855,0.000206,0.298,0.0,0.0,128.0,141785,199275,0.298181,0.000081
171,182,0.296,1.23,7696,0,1234385.6,4509.6,860,0.000203,0.184,0.0,0.0,128.0,142613,200049,0.296348,0.000067
172,183,0.297,1.23,7662,0,1234385.6,4509.6,865,0.000201,0.173,0.0,0.0,128.0,143446,200820,0.296605,0.000079
173,184,0.296,1.23,7657,0,1234385.6,4509.6,870,0.000198,0.203,0.0,0.0,128.0,144278,201595,0.296018,0.000149
174,185,0.296,1.23,7747,0,1234385.6,4509.6,875,0.000196,0.193,0.0,0.0,128.0,145102,202362,0.295578,0.000076
175,186,0.293,1.23,6055,0,1287847.75,4704.0,879,0.000194,0.164,0.0,0.0,64.0,145933,203140,0.292519,0.000546
176,187,0.300,1.23,7814,0,1234385.60,4509.6,884,0.000191,0.911,0.0,0.0,64.0,146752,203906,0.295815,0.004103
177,188,0.301,1.23,7638,0,1234385.60,4509.6,889,0.000188,0.309,0.0,0.0,64.0,147585,204683,0.299218,0.001843
178,189,0.300,1.23,7639,0,1234385.60,4509.6,894,0.000186,0.206,0.0,0.0,64.0,148415,205460,0.299104,0.001198
179,190,0.298,1.23,7729,0,1234385.60,4509.6,899,0.000183,0.243,0.0,0.0,64.0,149243,206231,0.297156,0.001197
180,191,0.298,1.23,7726,0,1234385.60,4509.6,904,0.000181,0.211,0.0,0.0,64.0,150069,207003,0.297080,0.000460
181,192,0.299,1.23,7703,0,1234385.60,4509.6,909,0.000178,0.263,0.0,0.0,64.0,150897,207778,0.296811,0.002540
182,193,0.298,1.23,7721,0,1234385.60,4509.6,914,0.000175,0.642,0.0,0.0,64.0,151722,208551,0.295066,0.002832
183,194,0.297,1.23,7663,0,1234385.60,4509.6,919,0.000173,0.266,0.0,0.0,64.0,152553,209329,0.295453,0.001751
184,195,0.297,1.23,7612,0,1234385.60,4509.6,924,0.000170,0.303,0.0,0.0,64.0,153390,210110,0.296504,0.000793
185,196,0.295,1.23,7586,0,1234385.60,4509.6,929,0.000167,0.237,0.0,0.0,64.0,154229,210891,0.294808,0.000569
186,197,0.295,1.23,7633,0,1234385.60,4509.6,934,0.000165,0.189,0.0,0.0,64.0,155065,211667,0.294635,0.000440
187,198,0.294,1.23,7632,0,1234385.60,4509.6,939,0.000162,0.185,0.0,0.0,64.0,155899,212445,0.293896,0.000254
188,199,0.294,1.23,7680,0,1234385.60,4509.6,944,0.000160,0.190,0.0,0.0,64.0,156732,213221,0.293353,0.000279
189,200,0.293,1.22,7591,0,1234385.60,4509.6,949,0.000157,0.196,0.0,0.0,64.0,157571,214003,0.292548,0.000168
190,201,0.293,1.23,6900,0,1234385.60,4509.6,954,0.000154,0.148,0.0,0.0,64.0,158491,214848,0.292619,0.000227
191,202,0.292,1.22,6642,0,1234385.60,4509.6,959,0.000152,0.170,0.0,0.0,64.0,159444,215714,0.291980,0.000116
192,203,0.292,1.22,6679,0,1234385.60,4509.6,964,0.000149,0.159,0.0,0.0,64.0,160395,216586,0.292183,0.000135
193,204,0.291,1.22,7033,0,1234385.60,4509.6,969,0.000147,0.135,0.0,0.0,64.0,161311,217426,0.291101,0.000164
194,205,0.292,1.22,6748,0,1234385.60,4509.6,974,0.000144,0.219,0.0,0.0,64.0,162253,218289,0.291513,0.000245
195,206,0.291,1.22,6736,0,1234385.60,4509.6,979,0.000141,0.203,0.0,0.0,64.0,163196,219150,0.291276,0.000117
196,207,0.292,1.22,6593,0,1234385.60,4509.6,984,0.000139,0.219,0.0,0.0,64.0,164153,220025,0.291586,0.000091
197,208,0.291,1.22,6718,0,1234385.60,4509.6,989,0.000136,0.240,0.0,0.0,64.0,165097,220891,0.291298,0.000060
198,209,0.291,1.22,7248,0,1234385.60,4509.6,994,0.000134,0.153,0.0,0.0,64.0,165991,221703,0.290878,0.000080
199,210,0.291,1.22,7580,0,1234385.60,4509.6,999,0.000131,0.173,0.0,0.0,64.0,166826,222482,0.291039,0.000084
200,211,0.291,1.22,6630,0,1234385.6,4509.6,1004,0.000128,0.137,0.0,0.0,64.0,167779,223351,0.290979,0.000133
201,212,0.291,1.22,7177,0,1234385.6,4509.6,1009,0.000126,0.143,0.0,0.0,128.0,168678,224171,0.291140,0.000054
202,213,0.291,1.22,7607,0,1234385.6,4509.6,1014,0.000123,0.171,0.0,0.0,128.0,169517,224950,0.291008,0.000051
203,214,0.290,1.22,7507,0,1234385.6,4509.6,1019,0.000121,0.184,0.0,0.0,128.0,170364,225738,0.290302,0.000082
204,215,0.292,1.22,7584,0,1234385.6,4509.6,1024,0.000118,0.266,0.0,0.0,128.0,171204,226521,0.291552,0.000087
205,216,0.291,1.22,7655,0,1234385.6,4509.6,1029,0.000115,0.223,0.0,0.0,128.0,172039,227299,0.291121,0.000045
206,217,0.291,1.22,7581,0,1234385.6,4509.6,1034,0.000113,0.203,0.0,0.0,128.0,172882,228084,0.290497,0.000045
207,218,0.290,1.22,7585,0,1234385.6,4509.6,1039,0.000110,0.239,0.0,0.0,128.0,173723,228865,0.290287,0.000056
